{
  "eye": {
    "orientation": [
      0,
      0,
      0.6729108691215515,
      -0.7397236227989197
    ],
    "magnitude": 1,
    "position": [
      0,
      0,
      0
    ]
  },
  "radius": 512,
  "type": "TWO_D"
}